종목코드,순위,종목명,시가총액(억원),종가,거래량_최근,MA5,MA20,MA비율(단기/장기)
005930,1,삼성전자,11253231,190100,23232380,29758443,30977315,0.961
000660,2,SK하이닉스,6908742,949000,4966832,3906184,4867045,0.803
005935,3,삼성전자우,1102381,135100,4710073,5038904,4475078,1.126
005380,4,현대차,1042217,509000,1251057,1861879,3090479,0.602
373220,5,LG에너지솔루션,939510,401500,218888,315738,428789,0.736
207940,6,삼성바이오로직스,803610,1736000,32554,34875,60536,0.576
402340,7,SK스퀘어,766105,580000,729730,564844,741975,0.761
000270,8,기아,670729,171800,1073543,1366149,1772766,0.771
034020,9,두산에너빌리티,662980,103500,12068653,9361126,7941310,1.179
012450,10,한화에어로스페이스,640417,1242000,441855,265648,253159,1.049
329180,11,HD현대중공업,631866,602000,333710,264683,251463,1.053
105560,12,KB금융,629371,168800,1320686,1827248,1524616,1.198
028260,13,삼성물산,562622,331000,512542,498569,454251,1.098
068270,14,셀트리온,559136,242000,466934,875480,857308,1.021
055550,15,신한지주,495204,102000,1537270,2166226,1744169,1.242
042660,16,한화오션,459313,149900,4322685,2060353,2080910,0.99
032830,17,삼성생명,438000,219000,527820,353197,365421,0.967
015760,18,한국전력,404437,63000,2848102,2600547,3967449,0.655
006800,19,미래에셋증권,402063,70900,7068673,9631149,9682676,0.995
012330,20,현대모비스,401945,443000,223579,284444,472486,0.602
035420,21,NAVER,399189,254500,948164,1022504,1972886,0.518
086790,22,하나금융지주,365441,131300,1128102,1271873,1015905,1.252
267260,23,HD현대일렉트릭,364436,1011000,163223,159357,175795,0.906
010130,24,고려아연,347117,1663000,23905,35381,62885,0.563
006400,25,삼성SDI,323953,402000,927801,707610,1450665,0.488
009540,26,HD한국조선해양,319894,452000,367465,251376,243128,1.034
005490,27,POSCO홀딩스,318875,394000,461522,663260,796480,0.833
316140,28,우리금융지주,299503,40800,2372083,3703191,2543873,1.456
000810,29,삼성화재,284348,618000,169845,161900,116749,1.387
009150,30,삼성전기,281595,377000,1178096,792571,788010,1.006
034730,31,SK,276597,381500,308082,291545,273001,1.068
010140,32,삼성중공업,259600,29500,4743764,3882705,4721052,0.822
035720,33,카카오,256268,57900,1948447,3331460,3219846,1.035
138040,34,메리츠금융지주,256174,146200,756948,527053,391405,1.347
298040,35,효성중공업,245515,2633000,75808,48756,68508,0.712
064350,36,현대로템,240113,220000,785779,579145,910900,0.636
051910,37,LG화학,237896,337000,236523,395217,420102,0.941
267250,38,HD현대,230659,292000,242374,259874,209375,1.241
024110,39,기업은행,227665,28550,1678913,1763466,1525612,1.156
272210,40,한화시스템,220091,116500,3700948,1664158,2995622,0.556
011200,41,HMM,218359,23150,2619449,2845766,2324649,1.224
096770,42,SK이노베이션,215711,127600,1147343,574005,551435,1.041
033780,43,KT&G,208936,177100,341401,323480,375982,0.86
010120,44,LS ELECTRIC,207300,691000,110454,137638,246338,0.559
003670,45,포스코퓨처엠,207244,233000,236317,371061,586013,0.633
086280,46,현대글로비스,202500,270000,258612,308679,500668,0.617
066570,47,LG전자,201327,123600,1906702,4873306,2172486,2.243
042700,48,한미반도체,191100,200500,836127,1841720,1951482,0.944
030200,49,KT,173642,68900,665768,661780,560020,1.182
017670,50,SK텔레콤,173550,80800,1296944,2097655,2063647,1.016
047810,51,한국항공우주,173408,177900,736498,1107235,1001232,1.106
352820,52,하이브,171512,398500,225471,350637,389111,0.901
000150,53,두산,169549,1047000,125520,175441,155573,1.128
071050,54,한국금융지주,162998,292500,497459,533677,364702,1.463
0126Z0,55,삼성에피스홀딩스,152533,613000,56805,101430,128636,0.789
003550,56,LG,151908,98500,283922,407664,365255,1.116
000720,57,현대건설,142869,128300,1507742,1626681,1757570,0.926
005940,58,NH투자증권,139686,39200,4571969,2589112,1504546,1.721
323410,59,카카오뱅크,136902,28700,2106790,2212614,3708310,0.597
010950,60,S-Oil,135099,120000,386103,329701,349139,0.944
039490,61,키움증권,134340,495500,205584,206495,196411,1.051
005830,62,DB손해보험,133425,192300,332068,276412,259605,1.065
018260,63,삼성에스디에스,133321,172300,279236,184795,236532,0.781
047050,64,포스코인터내셔널,132469,75300,2049003,1278296,1010614,1.265
259960,65,크래프톤,123486,260500,102902,139609,159554,0.875
307950,66,현대오토에버,119020,434000,88808,143242,255174,0.561
278470,67,에이피알,107994,288500,409161,473337,745364,0.635
079550,68,LIG넥스원,107030,486500,237683,156391,152584,1.025
016360,69,삼성증권,102248,114500,1251086,978324,705469,1.387
180640,70,한진칼,99008,148300,130895,156797,116113,1.35
005387,71,현대차2우B,97899,280000,193102,187487,357606,0.524
000880,72,한화,95047,126800,846432,450631,495013,0.91
161390,73,한국타이어앤테크놀로지,93649,75600,412855,455630,406940,1.12
003490,74,대한항공,92607,25150,2171391,2679036,2824437,0.949
090430,75,아모레퍼시픽,91248,156000,264497,294390,480052,0.613
009830,76,한화솔루션,91103,53000,7659000,10435206,11804181,0.884
377300,77,카카오페이,91091,67400,1329367,866719,2344936,0.37
000100,78,유한양행,89046,111800,244964,387346,410202,0.944
003230,79,삼양식품,87684,1164000,43341,57990,69484,0.835
326030,80,SK바이오팜,87554,111800,158866,241920,256422,0.943
006260,81,LS,80993,255500,171034,236532,260945,0.906
443060,82,HD현대마린솔루션,79485,177300,134233,206483,174514,1.183
128940,83,한미약품,78147,610000,59685,113293,185592,0.61
029780,84,삼성카드,78088,67400,153601,154205,106560,1.447
032640,85,LG유플러스,75219,17500,889553,1083066,1078894,1.004
007660,86,이수페타시스,73776,100500,958853,1170345,1433001,0.817
175330,87,JB금융지주,71206,37500,1004175,1436276,835917,1.718
078930,88,GS,70336,75700,352779,296261,303679,0.976
138930,89,BNK금융지주,70289,22650,1446489,1906504,1343942,1.419
028050,90,삼성E&A,69776,35600,782398,843751,1396697,0.604
267270,91,HD건설기계,69562,145000,387788,765031,812065,0.942
064400,92,LG씨엔에스,69370,71600,1236598,1257574,2147865,0.585
034220,93,LG디스플레이,66550,13310,22290175,8340113,4244800,1.965
001040,94,CJ,65794,225500,116765,137392,158614,0.866
454910,95,두산로보틱스,65144,100500,201408,281734,821012,0.343
005385,96,현대차우,65121,279000,118190,126250,271240,0.465
241560,97,두산밥캣,62785,65500,411584,521801,416298,1.253
021240,98,코웨이,62776,87300,582558,478220,435262,1.099
052690,99,한전기술,62413,163300,1478374,670429,747888,0.896
001440,100,대한전선,61341,32900,5062238,4448823,5825297,0.764
011070,101,LG이노텍,60587,256000,190352,235459,258840,0.91
022100,102,포스코DX,58533,38500,495024,645926,1522800,0.424
088350,103,한화생명,57322,6600,92004259,40149589,14446922,2.779
088980,104,맥쿼리인프라,56656,11830,4991246,3158289,2037736,1.55
271560,105,오리온,55152,139500,160002,200500,186397,1.076
004020,106,현대제철,51977,38950,3651421,1699943,1263716,1.345
002380,107,KCC,51808,583000,26609,51874,37851,1.37
018880,108,한온시스템,50748,4945,44705069,74714635,37219118,2.007
036570,109,엔씨소프트,49982,232000,145054,192700,183737,1.049
251270,110,넷마블,49251,57300,123566,246880,274105,0.901
082740,111,한화엔진,47898,57400,753919,565345,748091,0.756
450080,112,에코프로머티,47274,67000,699193,1175488,1194459,0.984
066970,113,엘앤에프,46154,114700,333456,424348,674743,0.629
062040,114,산일전기,45695,149600,225774,263962,362152,0.729
031210,115,서울보증보험,43289,62000,188845,102812,87098,1.18
017800,116,현대엘리베이터,43079,110200,375449,560542,378735,1.48
036460,117,한국가스공사,42094,45600,1098969,477539,456944,1.045
011790,118,SKC,42033,111000,256006,228163,336798,0.677
051900,119,LG생활건강,41775,273000,81612,89338,87302,1.023
035250,120,강원랜드,41483,19390,728728,679196,727574,0.934
000990,121,DB하이텍,40459,93000,406478,366269,571439,0.641
001720,122,신영증권,39949,243000,89995,92072,56711,1.624
302440,123,SK바이오사이언스,38982,49700,119559,140745,173451,0.811
111770,124,영원무역,38462,86800,74294,114994,99127,1.16
004990,125,롯데지주,38239,36450,342287,619865,434673,1.426
011780,126,금호석유화학,37876,145500,90494,113728,114851,0.99
011170,127,롯데케미칼,36444,85200,271350,234696,239093,0.982
014680,128,한솔케미칼,34969,308500,51223,47969,76483,0.627
012750,129,에스원,34959,92000,55966,61922,60031,1.032
139130,130,iM금융지주,34775,21650,1017316,1166704,866704,1.346
001450,131,현대해상,34687,38800,2385925,1243925,745466,1.669
103590,132,일진전기,34381,72100,426993,487057,597501,0.815
004170,133,신세계,33902,351500,82679,96982,96568,1.004
097950,134,CJ제일제당,33269,221000,63780,88608,83637,1.059
000240,135,한국앤컴퍼니,32895,34650,344996,175425,133020,1.319
047040,136,대우건설,32418,7800,19862827,23415993,14236899,1.645
103140,137,풍산,32311,115300,384776,230023,338727,0.679
000120,138,CJ대한통운,31663,138800,90895,204550,164163,1.246
439260,139,대한조선,31398,81500,517042,248606,313993,0.792
023530,140,롯데쇼핑,31032,109700,184672,257381,214888,1.198
489790,141,한화비전,30797,61000,529717,1026643,1414370,0.726
00680K,142,미래에셋증권2우B,30752,22500,1610193,1852326,1650422,1.122
071970,143,HD현대마린엔진,30597,90200,354061,249012,309198,0.805
139480,144,이마트,30548,110700,298737,1029327,634568,1.622
009970,145,영원무역홀딩스,30440,225500,14823,21960,20908,1.05
457190,146,이수스페셜티케미컬,29639,98100,247041,332089,1098070,0.302
012510,147,더존비즈온,29167,96000,419849,255166,292863,0.871
026960,148,동서,29112,29200,111288,138851,109075,1.273
008930,149,한미사이언스,29100,42550,118034,319174,324496,0.984
353200,150,대덕전자,28859,58400,759347,767566,1202460,0.638
009420,151,한올바이오파마,28784,55100,280988,374160,528376,0.708
028670,152,팬오션,28599,5350,4622593,5009165,3847233,1.302
010060,153,OCI홀딩스,28453,152400,176884,238134,320628,0.743
005850,154,에스엘,28380,61100,927506,335786,436873,0.769
051600,155,한전KPS,28260,62800,741049,529066,406221,1.302
204320,156,HL만도,28080,59800,464498,498075,1262399,0.395
004800,157,효성,28073,167700,43247,57196,46671,1.226
081660,158,미스토홀딩스,27660,52100,234158,166153,157272,1.056
003690,159,코리안리,27391,14060,989856,855797,667986,1.281
023590,160,다우기술,27009,60200,182309,126621,152529,0.83
004370,161,농심,26915,442500,22303,33839,35588,0.951
383220,162,F&F,26891,70200,122938,180096,130846,1.376
002790,163,아모레퍼시픽홀딩스,26856,33800,115729,184996,264112,0.7
001430,164,세아베스틸지주,26645,74300,208487,372934,441506,0.845
030000,165,제일기획,25826,22450,444455,451947,450784,1.003
003540,166,대신증권,24878,49000,972893,981136,484290,2.026
097230,167,HJ중공업,24244,26850,5307177,2070866,1584890,1.307
069960,168,현대백화점,24099,106500,72042,193029,164497,1.173
336260,169,두산퓨얼셀,24068,36750,431597,619277,660491,0.938
282330,170,BGF리테일,23678,137000,69123,125091,76653,1.632
011210,171,현대위아,23496,86400,98256,176551,303541,0.582
020150,172,롯데에너지머티리얼즈,23171,44250,304030,291878,706654,0.413
018670,173,SK가스,22697,245500,24732,19468,17538,1.11
005440,174,현대지에프홀딩스,22356,14340,894765,3496161,1046603,3.34
192820,175,코스맥스,22108,194800,103088,69807,89686,0.778
085620,176,미래에셋생명,21950,12400,1841846,511192,218062,2.344
361610,177,SK아이이테크놀로지,21714,26550,159848,211254,244638,0.864
000155,178,두산우,21580,540000,34741,31349,26204,1.196
483650,179,달바글로벌,21290,171800,336154,184512,198684,0.929
073240,180,금호타이어,20251,7050,596076,1068008,1117670,0.956
006280,181,녹십자,20170,172600,47442,79162,80012,0.989
112610,182,씨에스윈드,20157,47800,686154,708367,437656,1.619
069620,183,대웅제약,20044,173000,20591,33684,36686,0.918
003530,184,한화투자증권,19952,9300,42695498,33800931,15136593,2.233
017960,185,한국카본,19854,38250,891248,617017,537193,1.149
462870,186,시프트업,19811,33600,64386,79572,107882,0.738
006040,187,동원산업,19734,44700,77918,95366,88453,1.078
375500,188,DL이앤씨,19695,50900,308538,446444,464399,0.961
006360,189,GS건설,19640,22950,1005673,1208409,1121180,1.078
032350,190,롯데관광개발,19343,24300,521895,724539,975270,0.743
003570,191,SNT다이내믹스,19153,57600,147007,167292,117365,1.425
030610,192,교보증권,19054,16720,917890,613987,284970,2.155
008770,193,호텔신라,18897,48150,358946,394426,469313,0.84
034230,194,파라다이스,18850,20400,664027,909587,1030196,0.883
007070,195,GS리테일,18811,22500,199123,253181,258743,0.979
001120,196,LX인터내셔널,18488,47700,176964,199795,189276,1.056
007340,197,DN오토모티브,18372,31400,175905,396771,231977,1.71
005070,198,코스모신소재,17653,54300,181274,273051,410371,0.665
161890,199,한국콜마,17090,72400,157581,207852,244179,0.851
298020,200,효성티앤씨,17029,393500,32543,33512,57094,0.587
120110,201,코오롱인더,17006,61800,215761,270066,406743,0.664
395400,202,SK리츠,16676,5540,255583,304686,380297,0.801
003090,203,대웅,16192,27850,122106,183358,141732,1.294
007310,204,오뚜기,16051,400500,4684,7504,7264,1.033
020560,205,아시아나항공,15943,7740,127305,141058,158481,0.89
294870,206,HDC현대산업개발,15850,24050,329669,372953,410907,0.908
001800,207,오리온홀딩스,15630,24950,180620,253277,179642,1.41
000500,208,가온전선,14872,89900,50876,40246,56400,0.714
077970,209,STX엔진,14814,36900,826449,308304,347326,0.888
007810,210,코리아써키트,14196,60100,538194,394171,557897,0.707
000815,211,삼성화재우,14009,452000,27645,21970,18461,1.19
012630,212,HDC,13889,23250,168193,235021,235131,1.0
181710,213,NHN,13887,42400,120010,265365,118678,2.236
082640,214,동양생명,13683,8480,13163808,2819954,857490,3.289
229640,215,LS에코에너지,13674,44650,204321,198104,237925,0.833
300720,216,한일시멘트,13657,18570,154977,110246,130957,0.842
185750,217,종근당,13305,96400,30933,51562,50552,1.02
330590,218,롯데리츠,13234,4580,293286,308013,361331,0.852
005300,219,롯데칠성,13176,142000,17737,26769,36227,0.739
004000,220,롯데정밀화학,12900,50000,92851,69851,85164,0.82
484870,221,엠앤씨솔루션,12815,140000,21699,30975,41832,0.74
000080,222,하이트진로,12617,17990,197335,199915,227745,0.878
280360,223,롯데웰푸드,12533,134700,31151,26983,23520,1.147
051915,224,LG화학우,12471,162200,58403,44073,54447,0.809
001740,225,SK네트웍스,12413,5610,1954737,1407114,1523613,0.924
415640,226,KB발해인프라,12266,10010,135491,103704,115049,0.901
003240,227,태광산업,12213,1097000,3793,7699,5028,1.531
089860,228,롯데렌탈,12181,33550,34422,70913,89557,0.792
100090,229,SK오션플랜트,11689,18710,361484,401964,474486,0.847
499790,230,GS피앤엘,11640,58700,125674,237258,286979,0.827
192080,231,더블유게임즈,11560,54600,65479,66421,61085,1.087
003470,232,유안타증권,11516,5770,5540647,4306160,1964778,2.192
249420,233,일동제약,11437,36150,289052,267492,499197,0.536
006120,234,SK디스커버리,11430,62300,80152,55578,50914,1.092
298050,235,HS효성첨단소재,11401,254500,18038,25643,40823,0.628
075580,236,세진중공업,11369,20000,704724,297896,310058,0.961
036530,237,SNT홀딩스,11265,69100,26062,25155,32945,0.764
285130,238,SK케미칼,11140,64400,49178,72065,69075,1.043
009240,239,한샘,11108,47200,43067,102797,72879,1.411
137310,240,에스디바이오센서,11103,9120,131293,140936,157382,0.896
000670,241,영풍,11099,61400,58653,46273,53034,0.873
006650,242,대한유화,10978,168900,49396,57683,47109,1.224
365550,243,ESR켄달스퀘어리츠,10938,4445,251963,296110,338104,0.876
000370,244,한화손해보험,10856,9300,21789051,6287979,2739338,2.295
071055,245,한국금융지주우,10732,183200,70846,47711,34539,1.381
071320,246,지역난방공사,10675,92200,35471,69419,47047,1.476
000210,247,DL,10519,50200,139707,155843,157824,0.987
192400,248,쿠쿠홀딩스,10366,29150,55097,37649,48269,0.78
003160,249,디아이,10301,36400,450706,873719,970540,0.9
005690,250,파미셀,10274,17120,1028560,4423225,1754578,2.521
100840,251,SNT에너지,10195,49300,558700,392572,400872,0.979
475150,252,SK이터닉스,10143,30050,6026936,5730884,1936209,2.96
030190,253,NICE평가정보,9956,16900,42791,123944,96597,1.283
009450,254,경동나비엔,9950,68300,106878,160921,87605,1.837
281820,255,케이씨텍,9827,47500,120855,101668,179064,0.568
195870,256,해성디에스,9809,57700,227356,170687,324279,0.526
079160,257,CJ CGV,9785,5910,604317,517444,597230,0.866
057050,258,현대홈쇼핑,9768,81400,40739,124085,47875,2.592
010780,259,아이에스동서,9674,32050,112720,180527,175866,1.027
322000,260,HD현대에너지솔루션,9665,86300,582634,748415,1003077,0.746
066575,261,LG전자우,9606,55900,263175,420518,192853,2.181
00088K,262,한화3우B,9605,49500,102604,77696,69850,1.112
064960,263,SNT모티브,9594,36150,118110,80950,138117,0.586
004490,264,세방전지,9591,69200,38919,47104,53948,0.873
033240,265,자화전자,9344,42950,384291,346628,559204,0.62
001270,266,부국증권,9198,88700,200414,226746,96632,2.346
108320,267,LX세미콘,9156,56300,121028,97307,105609,0.921
001060,268,JW중외제약,9093,39050,249526,165801,208622,0.795
317450,269,명인제약,9037,61900,24882,32805,62820,0.522
002350,270,넥센타이어,9034,9250,191456,295370,345211,0.856
093370,271,후성,8923,8320,484222,564553,922791,0.612
003850,272,보령,8878,10350,392985,655464,346718,1.89
001510,273,SK증권,8832,1869,317824852,141624331,69687046,2.032
451800,274,한화리츠,8746,4870,206337,199704,236987,0.843
003620,275,KG모빌리티,8651,4275,2228226,3281860,5500222,0.597
248070,276,솔루엠,8573,17930,355208,288050,203978,1.412
079900,277,전진건설로봇,8551,58600,129598,384316,559764,0.687
007700,278,F&F홀딩스,8429,21550,20017,20972,24403,0.859
001500,279,현대차증권,8427,13630,4189380,3559399,1114770,3.193
130660,280,한전산업,8329,25550,15923695,11463328,5334798,2.149
069260,281,TKG휴켐스,8318,20350,112305,171938,150949,1.139
014820,282,동원시스템즈,8291,28600,45514,49331,58036,0.85
002020,283,코오롱,8273,64100,33907,54384,106628,0.51
114090,284,GKL,8257,13350,241029,381916,362931,1.052
214320,285,이노션,8160,20400,241546,193808,230785,0.84
005180,286,빙그레,8151,85300,23058,52321,47661,1.098
001680,287,대상,8107,23400,115562,154186,154790,0.996
000400,288,롯데손해보험,7835,2525,11716460,3092809,1100436,2.811
00104K,289,CJ4우(전환),7823,185100,6083,9647,12710,0.759
003545,290,대신증권우,7748,29800,289963,279442,172277,1.622
017940,291,E1,7717,112500,38270,29739,29004,1.025
025540,292,한국단자,7707,76200,42462,38233,51991,0.735
000640,293,동아쏘시오홀딩스,7693,117700,22493,18039,18455,0.977
005250,294,녹십자홀딩스,7660,16290,75600,100762,104429,0.965
039130,295,하나투어,7659,49450,76911,148858,140580,1.059
456040,296,OCI,7627,85200,46625,119183,94124,1.266
016610,297,DB증권,7449,17550,878306,554749,280059,1.981
005880,298,대한해운,7439,2305,8979353,8265838,7014615,1.178
381970,299,케이카,7376,15110,131936,95527,133168,0.717
002840,300,미원상사,7248,152600,5482,5247,4665,1.125
293940,301,신한알파리츠,7195,5950,201440,297325,263622,1.128
383800,302,LX홀딩스,7193,9430,486200,310883,252471,1.231
0120G0,303,삼양바이오팜,7101,95500,165792,170340,185475,0.918
950210,304,프레스티지바이오파마,7067,11760,133462,137877,154776,0.891
268280,305,미원에스씨,7030,140600,2789,2758,2989,0.923
058650,306,세아홀딩스,6965,161500,7249,8662,5729,1.512
008730,307,율촌화학,6956,28050,65018,64535,83021,0.777
093050,308,LF,6812,23300,115451,98207,83953,1.17
090460,309,비에이치,6776,20100,235182,740445,541489,1.367
005090,310,SGC에너지,6642,46100,174061,284508,167112,1.702
019170,311,신풍제약,6623,12500,160341,136081,177327,0.767
005420,312,코스모화학,6548,17050,169935,258896,365027,0.709
002240,313,고려제강,6547,24250,42531,34554,42089,0.821
336370,314,솔루스첨단소재,6438,9170,331749,441887,541330,0.816
004690,315,삼천리,6398,157800,15898,20616,21881,0.942
006220,316,제주은행,6357,16820,11510448,3133616,2894315,1.083
003030,317,세아제강지주,6340,153100,38680,32749,30384,1.078
001570,318,금양,6332,9900,0,0,0,
016380,319,KG스틸,6240,6240,641389,404039,413899,0.976
006380,320,카프로,6185,3660,0,0,0,
005389,321,현대차3우B,6179,265500,21603,23247,44339,0.524
002960,322,한국쉘석유,6136,472000,2576,2905,2304,1.261
094800,323,맵스리얼티,6052,6520,231338,177738,142042,1.251
016590,324,신대양제지,6020,14940,111695,205275,116800,1.757
002030,325,아세아,5979,288500,2477,2488,3179,0.783
377740,326,바이오노트,5970,5850,94460,105710,135329,0.781
005810,327,풍산홀딩스,5925,41100,59713,40601,36071,1.126
284740,328,쿠쿠홈시스,5901,26300,25992,26919,23010,1.17
178920,329,PI첨단소재,5873,20000,213091,228383,376764,0.606
029530,330,신도리코,5866,58200,33726,25012,57420,0.436
192650,331,드림텍,5757,8350,425794,839460,743597,1.129
090435,332,아모레퍼시픽우,5754,54500,18463,26646,39923,0.667
001200,333,유진투자증권,5753,5940,13527204,10722367,4737387,2.263
452260,334,한화갤러리아,5680,2930,57359021,31573303,21259543,1.485
000070,335,삼양홀딩스,5558,71600,25743,44120,30465,1.448
105840,336,우진,5513,27300,5871072,2291380,1468535,1.56
145720,337,덴티움,5512,49800,25112,37767,44474,0.849
034310,338,NICE,5476,14900,61461,78169,71677,1.091
005945,339,NH투자증권우,5472,29000,321004,179817,112309,1.601
014830,340,유니드,5468,80800,33510,26152,55399,0.472
271940,341,일진하이솔루스,5439,14980,74580,61600,64007,0.962
003000,342,부광약품,5406,5480,4245367,3550126,1565069,2.268
145990,343,삼양사,5404,52400,45529,32834,23391,1.404
453340,344,현대그린푸드,5382,16400,49185,63037,78208,0.806
161000,345,애경케미칼,5283,10860,736166,418952,661843,0.633
009410,346,태영건설,5279,1774,777784,751768,591321,1.271
003300,347,한일홀딩스,5241,17000,15468,15019,23747,0.632
026890,348,스틱인베스트먼트,5180,12430,253614,122080,147660,0.827
105630,349,한세실업,5180,12950,232358,214070,272012,0.787
009290,350,광동제약,5179,10400,20349484,5026036,1380730,3.64
017810,351,풀무원,5119,13430,95340,73609,85197,0.864
183190,352,아세아시멘트,5007,13560,71832,63448,101878,0.623
009900,353,명신산업,4984,9500,274917,209587,231293,0.906
097520,354,엠씨넥스,4950,28450,36795,44182,71937,0.614
089590,355,제주항공,4919,6100,490816,511267,468260,1.092
001530,356,DI동일,4892,24800,88353,132248,97135,1.361
004700,357,조광피혁,4887,73500,7631,15493,9958,1.556
170900,358,동아에스티,4882,52200,18664,25528,27922,0.914
016800,359,퍼시스,4841,42100,814,1291,1754,0.736
006110,360,삼아알미늄,4839,32000,147244,93238,194351,0.48
344820,361,KCC글라스,4839,30300,83914,68038,53061,1.282
015360,362,INVENI,4805,84300,24996,19364,19729,0.981
448730,363,삼성FN리츠,4780,5250,100715,105234,112588,0.935
011930,364,신성이엔지,4775,2320,31861487,11342241,14345323,0.791
020000,365,한섬,4723,21050,104192,198047,250906,0.789
037270,366,YG PLUS,4679,7350,853462,2077629,1432210,1.451
003280,367,흥아해운,4659,1938,53984883,15315591,7750613,1.976
072710,368,농심홀딩스,4637,100000,23454,19009,15345,1.239
084010,369,대한제강,4592,13360,108795,97971,152287,0.643
001820,370,삼화콘덴서,4558,43850,340532,444107,210577,2.109
091810,371,티웨이항공,4529,1348,1638112,944892,875618,1.079
200880,372,서연이화,4511,16690,731724,387406,406000,0.954
460860,373,동국제강,4494,9060,435381,214611,292417,0.734
015860,374,일진홀딩스,4441,9000,596801,381031,244016,1.562
357120,375,코람코라이프인프라리츠,4433,4555,153843,125369,133894,0.936
010690,376,화신,4431,12690,3541212,2672608,1026803,2.603
138490,377,코오롱ENP,4419,11630,88002,129371,209737,0.617
009155,378,삼성전기우,4418,152000,51277,45185,40288,1.122
005610,379,SPC삼립,4409,51100,9574,6618,9808,0.675
000157,380,두산2우B,4384,491000,6035,2897,1901,1.524
031430,381,신세계인터내셔날,4333,12260,133452,181534,161254,1.126
060980,382,HL홀딩스,4311,46800,28229,27084,34867,0.777
004310,383,현대약품,4278,13370,2257650,7585344,4634035,1.637
002310,384,아세아제지,4258,10520,574605,964674,571454,1.688
029460,385,케이씨,4247,32100,42762,36038,58372,0.617
002710,386,TCC스틸,4207,16050,129611,131296,258897,0.507
027410,387,BGF,4173,4360,277408,278420,190353,1.463
126720,388,수산인더스트리,4171,29200,273687,119163,102304,1.165
018250,389,애경산업,4156,15740,715127,187768,81102,2.315
194370,390,제이에스코퍼레이션,4137,14260,450278,189679,214537,0.884
000650,391,천일고속,4030,282000,7321,9795,58958,0.166
002810,392,삼영무역,4016,21750,40444,58011,77357,0.75
217590,393,티엠씨,4011,16650,945502,592289,477936,1.239
348950,394,제이알글로벌리츠,4006,2030,1435490,2604180,1686307,1.544
128820,395,대성산업,4003,8850,2606776,1221826,4430776,0.276
001390,396,KG케미칼,4000,5950,388056,348600,508251,0.686
306200,397,세아제강,3993,140800,51559,17092,16398,1.042
005720,398,넥센,3989,7450,82602,58486,70797,0.826
403550,399,쏘카,3944,12010,8761,15219,10444,1.457
008060,400,대덕,3910,11540,88902,78508,123447,0.636
012030,401,DB,3902,1940,26753328,6271897,3152981,1.989
092200,402,디아이씨,3900,10030,685378,767013,1339574,0.573
126560,403,현대퓨처넷,3895,3535,161222,504875,218428,2.311
011500,404,한농화성,3854,24650,608643,611564,1189443,0.514
084690,405,대상홀딩스,3798,10490,137784,195225,147727,1.322
006805,406,미래에셋증권우,3786,26900,1851876,1379724,1263309,1.092
025860,407,남해화학,3775,7600,348233,306047,290460,1.054
011760,408,현대코퍼레이션,3757,28400,132252,109260,95561,1.143
272450,409,진에어,3721,7130,160894,190965,234135,0.816
000540,410,흥국화재,3700,5760,3536273,1115471,397844,2.804
092230,411,KPX홀딩스,3692,87400,8998,7475,3886,1.924
034830,412,한국토지신탁,3678,1457,2193527,1382065,744481,1.856
286940,413,롯데이노베이트,3661,24200,63353,80662,63634,1.268
007690,414,국도화학,3658,39500,8917,16705,23089,0.724
123890,415,한국자산신탁,3640,2975,900745,953517,513516,1.857
001460,416,BYC,3622,58000,41125,58785,32220,1.824
001940,417,KISCO홀딩스,3579,25250,8849,11595,17829,0.65
417310,418,코람코더원리츠,3563,8820,104599,101340,112220,0.903
024720,419,콜마홀딩스,3556,10370,99540,83288,89917,0.926
003520,420,영진약품,3540,1936,472284,409068,465620,0.879
475560,421,더본코리아,3536,23850,20443,21246,23029,0.923
003960,422,사조대림,3523,38450,6348,14436,13895,1.039
003120,423,일성아이에스,3504,26350,25216,30204,23130,1.306
034120,424,SBS,3500,18870,24818,37834,41064,0.921
001750,425,한양증권,3493,27450,121149,121317,70161,1.729
000320,426,노루홀딩스,3488,26250,63748,68204,63827,1.069
017390,427,서울가스,3485,69700,39409,15399,13563,1.135
104700,428,한국철강,3444,9450,23791,21441,43312,0.495
009160,429,SIMPAC,3425,5240,59257,78042,127231,0.613
017860,430,DS단석,3400,19340,123117,73346,101553,0.722
006405,431,삼성SDI우,3389,209500,13046,9945,19334,0.514
033270,432,유나이티드제약,3381,20700,54026,36392,36171,1.006
432320,433,KB스타리츠,3377,3330,101562,184542,149989,1.23
002320,434,한진,3344,21950,51889,140971,85786,1.643
092790,435,넥스틸,3320,12770,1369744,488477,630979,0.774
003200,436,일신방직,3287,14320,32983,45839,114221,0.401
000490,437,대동,3280,11380,586695,1550109,1779367,0.871
010820,438,퍼스텍,3277,6720,19215053,6624588,3033700,2.184
096760,439,JW홀딩스,3260,4410,347238,168219,226123,0.744
002900,440,TYM,3241,7830,507391,1180012,848423,1.391
006340,441,대원전선,3225,4185,23507779,6962709,4450022,1.565
241590,442,화승엔터프라이즈,3199,5280,159510,160034,216465,0.739
037710,443,광주신세계,3198,40200,18989,28792,22166,1.299
007160,444,사조산업,3185,63700,13518,13601,29492,0.461
244920,445,에이플러스에셋,3171,14030,145202,204762,172607,1.186
004360,446,세방,3138,16420,142894,81771,79538,1.028
001340,447,PKC,3130,6970,451744,369328,451808,0.817
009680,448,모토닉,3124,11140,51062,48413,41853,1.157
003720,449,삼영,3117,9170,6592098,10542680,3692599,2.855
030210,450,다올투자증권,3094,5080,1695781,1267645,520317,2.436
136490,451,선진,3072,12920,136009,144762,377896,0.383
009470,452,삼화전기,3068,46400,380826,259619,616003,0.421
003920,453,남양유업,3060,51000,6629,7853,13682,0.574
088260,454,이리츠코크렙,3037,4795,69499,83205,65810,1.264
02826K,455,삼성물산우B,3030,206500,10034,7123,9312,0.765
078520,456,에이블씨엔씨,3015,11590,140751,218702,206002,1.062
334890,457,이지스밸류플러스리츠,2961,4265,181592,226544,235783,0.961
900140,458,엘브이엠씨홀딩스,2956,1530,517152,745909,819734,0.91
033530,459,SJG세종,2943,10580,294845,305172,935604,0.326
033920,460,무학,2932,10290,84410,116015,74996,1.547
004560,461,현대비앤지스틸,2908,19290,3532968,1651672,1357685,1.217
011690,462,와이투솔루션,2893,7890,2708269,4909937,3367338,1.458
003547,463,대신증권2우B,2890,28900,115927,89658,54500,1.645
377190,464,디앤디플랫폼리츠,2886,3265,214978,301695,231296,1.304
000050,465,경방,2875,10490,197456,264854,1243824,0.213
001230,466,동국홀딩스,2874,9040,341457,244707,136683,1.79
108670,467,LX하우시스,2869,32000,21726,41344,35985,1.149
035150,468,백산,2863,14100,62392,54936,50075,1.097
000680,469,LS네트웍스,2844,3610,310368,365731,359343,1.018
013890,470,지누스,2786,12520,81374,62260,53862,1.156
058430,471,포스코스틸리온,2754,45900,89011,43352,45674,0.949
008490,472,서흥,2718,23500,21776,32313,30348,1.065
0030R0,473,대신밸류리츠,2717,4545,65641,50529,45359,1.114
122900,474,아이마켓코리아,2714,8120,65868,93226,65282,1.428
001630,475,종근당홀딩스,2665,53200,5360,5503,8915,0.617
003220,476,대원제약,2659,11860,22766,30860,43874,0.703
000390,477,삼화페인트,2646,9730,1295813,7050713,3005519,2.346
001130,478,대한제분,2641,156300,5320,5311,3958,1.342
007860,479,서연,2639,11240,258221,201682,206174,0.978
005500,480,삼진제약,2612,19610,35859,45580,35539,1.283
003070,481,코오롱글로벌,2603,10240,42135,63715,52107,1.223
044450,482,KSS해운,2599,11260,156961,120900,175987,0.687
000430,483,대원강업,2591,4180,143454,193445,178124,1.086
004980,484,성신양회,2586,10550,107905,79590,96163,0.828
001790,485,대한제당,2578,2875,502735,481631,371372,1.297
005010,486,휴스틸,2576,4585,1209096,606900,787146,0.771
035510,487,신세계 I&C,2575,18420,153644,147440,214184,0.688
226320,488,잇츠한불,2574,11740,12631,20574,25133,0.819
134380,489,미원화학,2518,114500,1597,1994,1559,1.279
051905,490,LG생활건강우,2509,119500,14666,14964,12928,1.157
013580,491,계룡건설,2500,28000,111521,199311,145195,1.373
404990,492,신한서부티엔디리츠,2500,4230,107599,126142,111496,1.131
210980,493,SK디앤디,2491,13380,236090,100551,47077,2.136
007570,494,일양약품,2490,13050,0,0,0,
053210,495,스카이라이프,2490,5240,68973,75105,64795,1.159
003650,496,미창석유,2480,142600,3466,4784,3478,1.376
028100,497,동아지질,2470,18450,39286,31979,56194,0.569
000520,498,삼일제약,2449,11290,605121,508873,775204,0.656
095570,499,AJ네트웍스,2448,5410,409248,468769,442315,1.06
000860,500,강남제비스코,2442,18790,35250,98993,93880,1.054
